troncon_id;seg_idx;km_debut;km_fin;longueur_m;degre_courbure_max_deg;R_min_m;vmax_reference_kmh;classe_S3;classe_dominante_voisinage;drop_classes;gare_amont;gare_aval
Ott-TO;36;65.7;66.07;370.0;4.07;429.0;84.3;F;A;5;Smiths Falls;Brockville
Ott-TO;61;110.03;110.92;890.0;4.47;391.0;80.8;F;B;4;Smiths Falls;Brockville
Ott-TO;58;109.07;109.75;680.0;4.3;406.0;82.0;F;B;4;Smiths Falls;Brockville
Ott-TO;60;109.79;110.02;230.0;4.01;436.0;85.0;F;B;4;Smiths Falls;Brockville
MTL-QC;1;0.7;1.38;680.0;3.6;485.0;89.6;F;B;4;Montréal;Saint-Lambert
Ott-TO;312;427.1;427.41;310.0;3.08;567.0;96.9;F;C;3;Guildwood;Toronto
Ott-TO;2;0.51;1.03;520.0;4.36;401.0;81.5;F;D;2;Ottawa;Smiths Falls
Ott-TO;1;0.01;0.5;490.0;4.02;434.0;84.8;F;D;2;Ottawa;Smiths Falls
MTL-QC;13;30.04;30.9;860.0;3.53;495.0;90.9;F;D;2;Saint-Lambert;Saint-Hyacinthe
MTL-QC;83;151.28;152.05;770.0;3.41;512.0;92.4;F;D;2;Drummondville;Charny
TO-WDN;69;108.65;109.51;860.0;3.14;556.0;96.0;F;D;2;Brantford;Woodstock
