scenario;vitesse_cible_kmh;vitesse_cible_mph;troncon;km_restants;mille_restants;pct_troncon;n_sites;degre_courbure_cible_max_deg;rayon_cible_m
base;160;99.4;MTL-QC;99.2;61.6;36.8;30;1.0;1744
base;160;99.4;MTL-Ott;106.3;66.0;57.5;17;1.0;1744
base;160;99.4;Ott-TO;133.9;83.2;30.2;59;1.0;1744
base;160;99.4;MTL-TO;111.8;69.5;20.9;61;1.0;1744
base;177;110.0;MTL-QC;119.5;74.3;44.3;27;0.82;2134
base;177;110.0;MTL-Ott;107.2;66.6;58.0;17;0.82;2134
base;177;110.0;Ott-TO;154.3;95.9;34.9;56;0.82;2134
base;177;110.0;MTL-TO;130.1;80.8;24.3;59;0.82;2134
base;200;124.3;MTL-QC;155.9;96.9;57.9;24;0.64;2724
base;200;124.3;MTL-Ott;119.8;74.5;64.9;17;0.64;2724
base;200;124.3;Ott-TO;213.6;132.7;48.3;50;0.64;2724
base;200;124.3;MTL-TO;200.6;124.7;37.4;55;0.64;2724
base;250;155.3;MTL-QC;253.7;157.7;94.1;11;0.41;4257
base;250;155.3;MTL-Ott;157.7;98.0;85.3;18;0.41;4257
base;250;155.3;Ott-TO;341.7;212.3;77.2;34;0.41;4257
base;250;155.3;MTL-TO;424.7;263.9;79.2;50;0.41;4257
base;300;186.4;MTL-QC;255.6;158.8;94.8;9;0.28;6130
base;300;186.4;MTL-Ott;170.8;106.1;92.4;16;0.28;6130
base;300;186.4;Ott-TO;392.8;244.1;88.7;28;0.28;6130
base;300;186.4;MTL-TO;497.8;309.3;92.9;38;0.28;6130
pendulaire;160;99.4;MTL-QC;67.5;41.9;25.0;33;1.59;1100
pendulaire;160;99.4;MTL-Ott;29.9;18.6;16.2;18;1.59;1100
pendulaire;160;99.4;Ott-TO;68.3;42.4;15.4;65;1.59;1100
pendulaire;160;99.4;MTL-TO;69.8;43.4;13.0;65;1.59;1100
pendulaire;177;110.0;MTL-QC;89.7;55.7;33.3;31;1.3;1346
pendulaire;177;110.0;MTL-Ott;105.3;65.4;57.0;17;1.3;1346
pendulaire;177;110.0;Ott-TO;84.9;52.7;19.2;67;1.3;1346
pendulaire;177;110.0;MTL-TO;83.6;52.0;15.6;66;1.3;1346
pendulaire;200;124.3;MTL-QC;93.2;57.9;34.6;30;1.02;1719
pendulaire;200;124.3;MTL-Ott;105.3;65.4;57.0;17;1.02;1719
pendulaire;200;124.3;Ott-TO;104.4;64.8;23.6;64;1.02;1719
pendulaire;200;124.3;MTL-TO;105.2;65.4;19.6;62;1.02;1719
pendulaire;250;155.3;MTL-QC;119.5;74.3;44.3;27;0.65;2685
pendulaire;250;155.3;MTL-Ott;108.3;67.3;58.6;17;0.65;2685
pendulaire;250;155.3;Ott-TO;165.2;102.7;37.3;59;0.65;2685
pendulaire;250;155.3;MTL-TO;149.2;92.7;27.8;61;0.65;2685
pendulaire;300;186.4;MTL-QC;185.8;115.4;68.9;18;0.45;3867
pendulaire;300;186.4;MTL-Ott;130.5;81.1;70.6;20;0.45;3867
pendulaire;300;186.4;Ott-TO;267.8;166.4;60.5;50;0.45;3867
pendulaire;300;186.4;MTL-TO;278.6;173.1;52.0;67;0.45;3867
reference-interne;160;99.4;MTL-QC;33.1;20.6;12.3;25;2.26;773
reference-interne;160;99.4;MTL-Ott;16.3;10.1;8.8;14;2.26;773
reference-interne;160;99.4;Ott-TO;23.6;14.7;5.3;21;2.26;773
reference-interne;160;99.4;MTL-TO;19.6;12.2;3.7;16;2.26;773
reference-interne;177;110.0;MTL-QC;43.7;27.2;16.2;33;1.85;946
reference-interne;177;110.0;MTL-Ott;26.3;16.3;14.2;18;1.85;946
reference-interne;177;110.0;Ott-TO;52.1;32.4;11.8;52;1.85;946
reference-interne;177;110.0;MTL-TO;53.0;33.0;9.9;50;1.85;946
reference-interne;200;124.3;MTL-QC;88.8;55.2;32.9;30;1.45;1208
reference-interne;200;124.3;MTL-Ott;103.0;64.0;55.8;16;1.45;1208
reference-interne;200;124.3;Ott-TO;72.4;45.0;16.4;66;1.45;1208
reference-interne;200;124.3;MTL-TO;73.2;45.5;13.7;67;1.45;1208
reference-interne;250;155.3;MTL-QC;118.6;73.7;44.0;27;0.93;1887
reference-interne;250;155.3;MTL-Ott;107.2;66.6;58.0;17;0.93;1887
reference-interne;250;155.3;Ott-TO;147.6;91.7;33.3;56;0.93;1887
reference-interne;250;155.3;MTL-TO;123.5;76.7;23.0;59;0.93;1887
reference-interne;300;186.4;MTL-QC;153.7;95.5;57.0;24;0.64;2717
reference-interne;300;186.4;MTL-Ott;119.8;74.5;64.8;16;0.64;2717
reference-interne;300;186.4;Ott-TO;201.2;125.0;45.5;52;0.64;2717
reference-interne;300;186.4;MTL-TO;198.8;123.5;37.1;55;0.64;2717
