troncon;region;de;a;km_debut;km_fin;longueur_km;cellule;part_simple_pct;part_double_plus_pct;t_horaire_med_min;n_sillons;t_base_cap160_min;marge_pct;marge_min_par_100km;dispersion_iqr_min;dispersion_iqr_pct;doublon_physique_de;exclue_du_2x2;note
MTL-QC;coeur;Montréal;Saint-Lambert;0.0;6.11;6.1;double-CN;16;84;13.0;16;3.8;244.0;150.9;0.0;0.0;;bloc urbain (pont Victoria);
MTL-QC;coeur;Saint-Lambert;Saint-Hyacinthe;6.11;53.24;47.1;double-CN;0;100;26.0;14;19.1;36.1;14.6;1.0;3.8;;adjacente au pont Victoria;
MTL-QC;coeur;Saint-Hyacinthe;Drummondville;53.24;100.01;46.8;simple-CN;92;8;30.5;14;18.4;65.4;25.8;8.0;26.2;;;
MTL-QC;coeur;Drummondville;Charny;100.01;245.04;145.0;simple-CN;100;0;97.0;7;62.9;54.2;23.5;16.0;16.5;;;
MTL-QC;coeur;Charny;Sainte-Foy;245.04;249.98;4.9;simple-CN;100;0;6.0;7;3.6;65.1;47.9;0.0;0.0;;bloc urbain (pont de Québec);
MTL-QC;coeur;Sainte-Foy;Québec;249.98;269.85;19.9;mixte;65;35;25.0;14;12.2;105.7;64.7;0.0;0.0;;bloc urbain (gare du Palais);
MTL-Ott;coeur;Montréal;Dorval;0.0;17.79;17.8;double-CN;21;79;23.5;26;8.3;181.4;85.2;2.0;8.5;;bloc urbain;
MTL-Ott;coeur;Dorval;Coteau;17.79;62.28;44.5;double-CN;0;100;23.0;7;17.8;29.3;11.7;2.0;8.7;;;
MTL-Ott;coeur;Coteau;Alexandria;62.28;99.43;37.2;simple-VIA;98;2;21.0;7;16.3;28.6;12.6;0.0;0.0;;;
MTL-Ott;coeur;Alexandria;Casselman;99.43;138.78;39.3;simple-VIA;100;0;21.0;7;18.5;13.4;6.3;0.0;0.0;;;
MTL-Ott;coeur;Casselman;Ottawa;138.78;185.42;46.6;simple-VIA;100;0;26.0;7;22.4;16.1;7.7;5.0;19.2;;;contient l'approche d'Ottawa (±10 km urbains)
Ott-TO;coeur;Ottawa;Fallowfield;0.0;15.38;15.4;simple-VIA;93;7;17.0;21;7.8;119.1;60.1;1.0;5.9;;bloc urbain (approche d'Ottawa);
Ott-TO;coeur;Fallowfield;Smiths Falls;15.38;64.62;49.2;simple-VIA;100;0;28.0;11;19.1;46.9;18.1;4.0;14.3;;;
Ott-TO;coeur;Smiths Falls;Brockville;64.62;110.0;45.4;simple-VIA;100;0;30.0;11;18.7;60.7;25.0;3.0;10.0;;;
Ott-TO;coeur;Brockville;Gananoque;110.0;155.83;45.8;double-CN;2;98;25.5;4;18.6;37.5;15.2;2.0;7.8;;;
Ott-TO;coeur;Gananoque;Kingston;155.83;191.99;36.2;double-CN;0;100;20.5;4;15.7;30.8;13.3;2.0;9.8;;;
Ott-TO;coeur;Kingston;Napanee;191.99;227.49;35.5;double-CN;0;100;20.0;6;15.1;32.6;13.8;1.0;5.0;;;
Ott-TO;coeur;Napanee;Belleville;227.49;262.44;34.9;double-CN;0;100;18.0;6;13.6;32.6;12.7;0.0;0.0;;;
Ott-TO;coeur;Belleville;Trenton Junction;262.44;281.92;19.5;double-CN;0;100;12.0;7;7.4;62.1;23.6;1.0;8.3;;;
Ott-TO;coeur;Trenton Junction;Cobourg;281.92;332.06;50.1;double-CN;0;100;25.0;7;18.9;32.6;12.3;1.0;4.0;;;
Ott-TO;coeur;Cobourg;Port Hope;332.06;342.88;10.8;double-CN;0;100;8.0;6;4.3;84.2;33.8;1.0;12.5;;;
Ott-TO;coeur;Port Hope;Oshawa;342.88;393.31;50.4;double-CN;0;100;26.0;5;20.8;24.8;10.3;1.0;3.8;;;
Ott-TO;coeur;Oshawa;Guildwood;393.31;423.93;30.6;double-CN;2;98;17.0;16;12.3;38.7;15.5;8.0;47.1;;chevauche une frontière de propriétaire (CN 68%);
Ott-TO;coeur;Guildwood;Toronto;423.93;444.05;20.1;double-MTX;4;96;18.0;17;8.7;107.2;46.3;1.0;5.6;;bloc urbain;
TO-WDN;sud-ouest;Toronto;Oakville;0.0;34.06;34.1;double-MTX;0;100;23.5;10;13.3;76.8;30.0;1.0;4.3;;banlieue Toronto (Metrolinx) : cellule indicative;
TO-WDN;sud-ouest;Oakville;Aldershot;34.06;57.09;23.0;double-MTX;0;100;13.0;10;8.6;50.8;19.0;1.0;7.7;;chevauche une frontière de propriétaire (MTX 70%);
TO-WDN;sud-ouest;Aldershot;Brantford;57.09;96.23;39.1;double-CN;4;96;28.0;9;16.7;67.3;28.8;2.0;7.1;;;
TO-WDN;sud-ouest;Brantford;Woodstock;96.23;138.87;42.6;double-CN;0;100;28.0;9;17.6;59.2;24.4;2.0;7.1;;;
TO-WDN;sud-ouest;Woodstock;Ingersoll;138.87;153.96;15.1;double-CN;0;100;12.0;6;5.8;107.7;41.2;1.0;8.3;;;
TO-WDN;sud-ouest;Ingersoll;London;153.96;184.49;30.5;double-CN;0;100;20.5;6;11.7;75.1;28.8;1.0;4.9;;;
TO-WDN;sud-ouest;London;Glencoe;184.49;233.71;49.2;mixte;66;34;30.0;6;18.8;59.3;22.7;4.0;13.3;;;
TO-WDN;sud-ouest;Glencoe;Chatham;233.71;288.16;54.5;mixte;41;59;32.5;6;20.4;59.2;22.2;2.0;6.2;;;
TO-WDN;sud-ouest;Chatham;Windsor;288.16;358.75;70.6;simple-VIA;100;0;44.5;8;26.4;68.4;25.6;7.0;15.7;;;
TO-SAR;sud-ouest;Toronto;Malton;0.0;25.65;25.6;double-MTX;0;100;22.5;2;10.3;118.0;47.5;;;;banlieue Toronto (Metrolinx) : cellule indicative;
TO-SAR;sud-ouest;Malton;Brampton;25.65;34.12;8.5;double-CN;0;100;10.5;2;3.2;231.4;86.6;;;;banlieue Toronto (Metrolinx) : cellule indicative;
TO-SAR;sud-ouest;Brampton;Georgetown;34.12;47.09;13.0;double-CN;0;100;10.0;2;4.9;105.6;39.6;;;;;
TO-SAR;sud-ouest;Georgetown;Guelph;47.09;78.41;31.3;simple-MTX;95;5;22.0;2;13.0;69.7;28.9;;;;;
TO-SAR;sud-ouest;Guelph;Kitchener;78.41;101.06;22.7;simple-MTX;84;16;22.5;2;8.6;161.7;61.4;;;;;
TO-SAR;sud-ouest;Kitchener;Stratford;101.06;142.16;41.1;simple-CN;97;3;42.5;2;15.8;169.6;65.1;;;;;
TO-SAR;sud-ouest;Stratford;St. Marys;142.16;160.16;18.0;simple-CN;100;0;27.0;2;8.3;224.3;103.7;;;;;
TO-SAR;sud-ouest;St. Marys;London;160.16;194.61;34.5;simple-CN;97;3;48.5;2;13.9;248.1;100.3;;;;;
TO-SAR;sud-ouest;London;Strathroy;194.61;225.4;30.8;double-CN;18;82;22.0;2;12.0;82.7;32.3;;;;;
TO-SAR;sud-ouest;Strathroy;Sarnia;225.4;289.46;64.1;mixte;63;37;45.0;2;24.0;87.6;32.8;;;;;
MTL-TO;coeur;Montréal;Dorval;0.0;17.79;17.8;double-CN;21;79;23.5;26;8.3;181.5;85.2;2.0;8.5;MTL-Ott;bloc urbain;
MTL-TO;coeur;Dorval;Cornwall;17.79;112.76;95.0;double-CN;0;100;48.0;12;36.6;31.2;12.0;2.0;4.2;;;
MTL-TO;coeur;Cornwall;Brockville;112.76;204.72;92.0;double-CN;0;100;45.5;4;35.2;29.3;11.2;2.0;4.4;;;
MTL-TO;coeur;Brockville;Gananoque;204.72;249.75;45.0;double-CN;0;100;25.5;4;17.3;47.1;18.1;2.0;7.8;Ott-TO;;
MTL-TO;coeur;Gananoque;Kingston;249.75;285.97;36.2;double-CN;0;100;20.5;4;16.0;28.5;12.5;2.0;9.8;Ott-TO;;
MTL-TO;coeur;Kingston;Napanee;285.97;321.47;35.5;double-CN;0;100;20.0;6;15.0;32.9;13.9;1.0;5.0;Ott-TO;;
MTL-TO;coeur;Napanee;Belleville;321.47;356.42;34.9;double-CN;0;100;18.0;6;13.6;32.1;12.5;0.0;0.0;Ott-TO;;
MTL-TO;coeur;Belleville;Trenton Junction;356.42;375.9;19.5;double-CN;0;100;12.0;7;7.4;62.2;23.6;1.0;8.3;Ott-TO;;
MTL-TO;coeur;Trenton Junction;Cobourg;375.9;426.05;50.2;double-CN;0;100;25.0;7;18.9;32.4;12.2;1.0;4.0;Ott-TO;;
MTL-TO;coeur;Cobourg;Port Hope;426.05;436.86;10.8;double-CN;0;100;8.0;6;4.3;84.3;33.9;1.0;12.5;Ott-TO;;
MTL-TO;coeur;Port Hope;Oshawa;436.86;487.24;50.4;double-CN;0;100;26.0;5;20.8;25.0;10.3;1.0;3.8;Ott-TO;;
MTL-TO;coeur;Oshawa;Guildwood;487.24;517.94;30.7;double-CN;2;98;17.0;16;12.2;38.8;15.5;8.0;47.1;Ott-TO;chevauche une frontière de propriétaire (CN 68%);
MTL-TO;coeur;Guildwood;Toronto;517.94;538.06;20.1;double-MTX;4;96;18.0;17;8.6;108.4;46.5;1.0;5.6;Ott-TO;bloc urbain;
