scenario;troncon;bande_kmh;n_passages
S1;MTL-QC;≤153;77
S1;MTL-QC;154-177;40
S1;MTL-QC;178-201;61
S1;MTL-QC;>201;144
S1;MTL-Ott;≤153;107
S1;MTL-Ott;154-177;13
S1;MTL-Ott;178-201;36
S1;MTL-Ott;>201;52
S1;Ott-TO;≤153;10
S1;Ott-TO;154-177;70
S1;Ott-TO;178-201;67
S1;Ott-TO;>201;154
S1;MTL-TO;≤153;4
S1;MTL-TO;154-177;63
S1;MTL-TO;178-201;73
S1;MTL-TO;>201;225
S1;CORRIDOR (dédoublonné);≤153;195
S1;CORRIDOR (dédoublonné);154-177;127
S1;CORRIDOR (dédoublonné);178-201;176
S1;CORRIDOR (dédoublonné);>201;426
S2;MTL-QC;≤153;13
S2;MTL-QC;154-177;60
S2;MTL-QC;178-201;21
S2;MTL-QC;>201;228
S2;MTL-Ott;≤153;14
S2;MTL-Ott;154-177;93
S2;MTL-Ott;178-201;1
S2;MTL-Ott;>201;100
S2;Ott-TO;≤153;6
S2;Ott-TO;154-177;4
S2;Ott-TO;178-201;37
S2;Ott-TO;>201;254
S2;MTL-TO;≤153;1
S2;MTL-TO;154-177;3
S2;MTL-TO;178-201;31
S2;MTL-TO;>201;330
S2;CORRIDOR (dédoublonné);≤153;33
S2;CORRIDOR (dédoublonné);154-177;158
S2;CORRIDOR (dédoublonné);178-201;61
S2;CORRIDOR (dédoublonné);>201;672
S3;MTL-QC;≤153;7
S3;MTL-QC;154-177;2
S3;MTL-QC;178-201;64
S3;MTL-QC;>201;249
S3;MTL-Ott;≤153;3
S3;MTL-Ott;154-177;9
S3;MTL-Ott;178-201;90
S3;MTL-Ott;>201;106
S3;Ott-TO;≤153;6
S3;Ott-TO;154-177;0
S3;Ott-TO;178-201;2
S3;Ott-TO;>201;293
S3;MTL-TO;≤153;1
S3;MTL-TO;154-177;0
S3;MTL-TO;178-201;3
S3;MTL-TO;>201;361
S3;CORRIDOR (dédoublonné);≤153;16
S3;CORRIDOR (dédoublonné);154-177;11
S3;CORRIDOR (dédoublonné);178-201;157
S3;CORRIDOR (dédoublonné);>201;740
base_cap160;MTL-QC;≤153;77
base_cap160;MTL-QC;154-177;245
base_cap160;MTL-QC;178-201;0
base_cap160;MTL-QC;>201;0
base_cap160;MTL-Ott;≤153;107
base_cap160;MTL-Ott;154-177;101
base_cap160;MTL-Ott;178-201;0
base_cap160;MTL-Ott;>201;0
base_cap160;Ott-TO;≤153;10
base_cap160;Ott-TO;154-177;291
base_cap160;Ott-TO;178-201;0
base_cap160;Ott-TO;>201;0
base_cap160;MTL-TO;≤153;4
base_cap160;MTL-TO;154-177;361
base_cap160;MTL-TO;178-201;0
base_cap160;MTL-TO;>201;0
base_cap160;CORRIDOR (dédoublonné);≤153;195
base_cap160;CORRIDOR (dédoublonné);154-177;729
base_cap160;CORRIDOR (dédoublonné);178-201;0
base_cap160;CORRIDOR (dédoublonné);>201;0
recommande_cap177;MTL-QC;≤153;13
recommande_cap177;MTL-QC;154-177;309
recommande_cap177;MTL-QC;178-201;0
recommande_cap177;MTL-QC;>201;0
recommande_cap177;MTL-Ott;≤153;14
recommande_cap177;MTL-Ott;154-177;194
recommande_cap177;MTL-Ott;178-201;0
recommande_cap177;MTL-Ott;>201;0
recommande_cap177;Ott-TO;≤153;6
recommande_cap177;Ott-TO;154-177;295
recommande_cap177;Ott-TO;178-201;0
recommande_cap177;Ott-TO;>201;0
recommande_cap177;MTL-TO;≤153;1
recommande_cap177;MTL-TO;154-177;364
recommande_cap177;MTL-TO;178-201;0
recommande_cap177;MTL-TO;>201;0
recommande_cap177;CORRIDOR (dédoublonné);≤153;33
recommande_cap177;CORRIDOR (dédoublonné);154-177;891
recommande_cap177;CORRIDOR (dédoublonné);178-201;0
recommande_cap177;CORRIDOR (dédoublonné);>201;0
