troncon_id / section_id;scenario;scenario_label;devers_mm;devers_pouces;insuff_devers_mm;insuff_devers_pouces;coeff_k_vmax;longueur_totale_km / total_length_km;km_A (HSR pleine vitesse);pct_A (Full HSR);km_B (HSR léger);pct_B (Light HSR);km_C (HSR dégradé);pct_C (Degraded HSR);km_D (Inter-cité rapide);pct_D (Fast intercity);km_E (Inter-cité conventionnel);pct_E (Conventional intercity);km_F (Contraint sévèrement);pct_F (Severely constrained);km_HSR_utile (A+B+C, ≥200km/h);pct_HSR_utile;pct_HSR_utile_borne_haute_R_p50;pct_HSR_utile_par_segment_M2;DIAG_NON_OP_plafond_geom_kmh;DIAG_NON_OP_plafond_geom_mph;DIAG_NON_OP_vmax_med_pondL_kmh;DIAG_NON_OP_vmax_med_pondL_mph
MTL-QC;base;Voie actuelle (VIA / Transport Canada) | Current track (VIA / Transport Canada);100;3.94;76;2.99;3.832;269.55;13.93;5.2;1.9;0.7;97.77;36.3;56.78;21.1;70.71;26.2;28.46;10.6;113.6;42.1;66.8;26.3;155.2;96.4;199.1;123.7
MTL-QC;pendulaire;Pendulaire LRC, dévers max standard CN (5 po) | LRC tilting, CN standard maximum cant (5 in);127;5.0;152;5.98;4.824;269.55;83.76;31.1;66.29;24.6;26.31;9.8;25.71;9.5;56.03;20.8;11.45;4.2;176.36;65.4;86.9;35.3;195.0;121.2;250.7;155.8
MTL-QC;reference-interne;Pendulaire moderne, insuffisance 270 mm (5 po de dévers) | Modern tilting, 270 mm cant deficiency (5 in cant);127;5.0;270;10.63;5.755;269.55;115.85;43.0;35.11;13.0;29.79;11.1;55.68;20.7;27.38;10.2;5.74;2.1;180.75;67.1;91.1;37.2;231.3;143.7;299.1;185.9
MTL-Ott;base;Voie actuelle (VIA / Transport Canada) | Current track (VIA / Transport Canada);100;3.94;76;2.99;3.832;184.8;14.01;7.6;13.1;7.1;37.84;20.5;13.57;7.3;92.89;50.3;13.39;7.2;64.95;35.1;43.8;49.6;150.3;93.4;127.3;79.1
MTL-Ott;pendulaire;Pendulaire LRC, dévers max standard CN (5 po) | LRC tilting, CN standard maximum cant (5 in);127;5.0;152;5.98;4.824;184.8;54.33;29.4;22.12;12.0;3.06;1.7;75.42;40.8;26.25;14.2;3.62;2.0;79.51;43.0;87.3;56.0;188.4;117.1;160.2;99.5
MTL-Ott;reference-interne;Pendulaire moderne, insuffisance 270 mm (5 po de dévers) | Modern tilting, 270 mm cant deficiency (5 in cant);127;5.0;270;10.63;5.755;184.8;64.97;35.2;12.63;6.8;4.17;2.3;86.72;46.9;16.27;8.8;0.04;0.0;81.77;44.2;92.7;58.4;222.5;138.3;191.1;118.7
Ott-TO;base;Voie actuelle (VIA / Transport Canada) | Current track (VIA / Transport Canada);100;3.94;76;2.99;3.832;442.56;49.79;11.3;51.04;11.5;128.1;28.9;79.76;18.0;116.25;26.3;17.62;4.0;228.93;51.7;80.1;39.9;180.1;111.9;200.1;124.3
Ott-TO;pendulaire;Pendulaire LRC, dévers max standard CN (5 po) | LRC tilting, CN standard maximum cant (5 in);127;5.0;152;5.98;4.824;442.56;174.77;39.5;102.56;23.2;60.87;13.8;36.09;8.2;64.76;14.6;3.51;0.8;338.2;76.4;91.0;52.0;225.8;140.3;252.0;156.6
Ott-TO;reference-interne;Pendulaire moderne, insuffisance 270 mm (5 po de dévers) | Modern tilting, 270 mm cant deficiency (5 in cant);127;5.0;270;10.63;5.755;442.56;241.4;54.5;53.59;12.1;75.15;17.0;48.84;11.0;20.07;4.5;3.51;0.8;370.14;83.6;96.9;56.5;264.6;164.4;300.6;186.8
MTL-TO;base;Voie actuelle (VIA / Transport Canada) | Current track (VIA / Transport Canada);100;3.94;76;2.99;3.832;536.02;38.25;7.1;73.1;13.6;224.03;41.8;88.82;16.6;96.18;17.9;15.64;2.9;335.38;62.6;84.1;49.3;191.7;119.1;230.7;143.4
MTL-TO;pendulaire;Pendulaire LRC, dévers max standard CN (5 po) | LRC tilting, CN standard maximum cant (5 in);127;5.0;152;5.98;4.824;536.02;257.38;48.0;129.49;24.2;43.93;8.2;35.41;6.6;66.82;12.5;2.99;0.6;430.8;80.4;93.6;58.2;240.4;149.4;290.4;180.4
MTL-TO;reference-interne;Pendulaire moderne, insuffisance 270 mm (5 po de dévers) | Modern tilting, 270 mm cant deficiency (5 in cant);127;5.0;270;10.63;5.755;536.02;337.24;62.9;75.29;14.0;50.29;9.4;53.57;10.0;19.59;3.7;0.04;0.0;462.82;86.3;97.7;61.4;282.7;175.7;346.5;215.3
TO-WDN;base;Voie actuelle (VIA / Transport Canada) | Current track (VIA / Transport Canada);100;3.94;76;2.99;3.832;358.91;170.91;47.6;21.39;6.0;66.28;18.5;47.96;13.4;43.34;12.1;9.03;2.5;258.58;72.0;91.4;44.1;224.9;139.7;251.0;156.0
TO-WDN;pendulaire;Pendulaire LRC, dévers max standard CN (5 po) | LRC tilting, CN standard maximum cant (5 in);127;5.0;152;5.98;4.824;358.91;236.1;65.8;65.4;18.2;29.05;8.1;7.72;2.2;18.89;5.3;1.75;0.5;330.55;92.1;96.3;61.0;276.1;171.6;316.0;196.4
TO-WDN;reference-interne;Pendulaire moderne, insuffisance 270 mm (5 po de dévers) | Modern tilting, 270 mm cant deficiency (5 in cant);127;5.0;270;10.63;5.755;358.91;270.87;75.5;34.62;9.6;27.02;7.5;16.06;4.5;9.48;2.6;0.86;0.2;332.51;92.6;98.1;63.6;306.9;190.7;360.0;223.7
TO-SAR;base;Voie actuelle (VIA / Transport Canada) | Current track (VIA / Transport Canada);100;3.94;76;2.99;3.832;289.72;27.41;9.5;64.91;22.4;116.53;40.2;20.86;7.2;53.6;18.5;6.41;2.2;208.85;72.1;86.4;44.1;201.0;124.9;238.4;148.1
TO-SAR;pendulaire;Pendulaire LRC, dévers max standard CN (5 po) | LRC tilting, CN standard maximum cant (5 in);127;5.0;152;5.98;4.824;289.72;152.78;52.7;67.87;23.4;26.68;9.2;18.11;6.3;23.4;8.1;0.88;0.3;247.33;85.4;97.2;54.4;252.0;156.6;300.2;186.5
TO-SAR;reference-interne;Pendulaire moderne, insuffisance 270 mm (5 po de dévers) | Modern tilting, 270 mm cant deficiency (5 in cant);127;5.0;270;10.63;5.755;289.72;208.85;72.1;19.01;6.6;21.54;7.4;33.38;11.5;6.94;2.4;0.0;0.0;249.4;86.1;99.0;57.4;293.9;182.6;358.1;222.5
