troncon;scenario;bande_kmh;urbain_gtfs_min;urbain_fenetre_min;interurbain_min;arrets_min;n_arrets_interurbains;tbase_sans_marge_min;tbase_lo_min;tbase_hi_min;t_horaire_actuel_min
MTL-QC;S1;160;0.0;0.0;126.2;10.0;5;136.2;136.2;136.2;202.5
MTL-QC;S1;177;0.0;0.0;122.5;10.0;5;132.5;132.5;132.5;202.5
MTL-QC;S1;200;0.0;0.0;119.6;10.0;5;129.6;129.6;129.6;202.5
MTL-QC;S1;250;0.0;0.0;118.4;10.0;5;128.4;128.4;128.4;202.5
MTL-QC;S1;300;0.0;0.0;118.4;10.0;5;128.4;128.4;128.4;202.5
MTL-QC;S2;160;0.0;0.0;114.4;10.0;5;124.4;124.4;124.4;202.5
MTL-QC;S2;177;0.0;0.0;108.5;10.0;5;118.5;118.5;118.5;202.5
MTL-QC;S2;200;0.0;0.0;103.2;10.0;5;113.2;113.2;113.2;202.5
MTL-QC;S2;250;0.0;0.0;96.7;10.0;5;106.7;106.7;106.7;202.5
MTL-QC;S2;300;0.0;0.0;94.9;10.0;5;104.9;104.9;104.9;202.5
MTL-QC;S3;160;0.0;0.0;111.5;10.0;5;121.5;121.5;121.5;202.5
MTL-QC;S3;177;0.0;0.0;103.7;10.0;5;113.7;113.7;113.7;202.5
MTL-QC;S3;200;0.0;0.0;96.8;10.0;5;106.8;106.8;106.8;202.5
MTL-QC;S3;250;0.0;0.0;88.5;10.0;5;98.5;98.5;98.5;202.5
MTL-QC;S3;300;0.0;0.0;85.3;10.0;5;95.3;95.3;95.3;202.5
MTL-Ott;S1;160;0.0;0.0;89.5;8.0;4;97.5;97.5;97.5;122.0
MTL-Ott;S1;177;0.0;0.0;87.8;8.0;4;95.8;95.8;95.8;122.0
MTL-Ott;S1;200;0.0;0.0;86.6;8.0;4;94.6;94.6;94.6;122.0
MTL-Ott;S1;250;0.0;0.0;85.8;8.0;4;93.8;93.8;93.8;122.0
MTL-Ott;S1;300;0.0;0.0;85.8;8.0;4;93.8;93.8;93.8;122.0
MTL-Ott;S2;160;0.0;0.0;77.9;8.0;4;85.9;85.9;85.9;122.0
MTL-Ott;S2;177;0.0;0.0;75.3;8.0;4;83.3;83.3;83.3;122.0
MTL-Ott;S2;200;0.0;0.0;73.2;8.0;4;81.2;81.2;81.2;122.0
MTL-Ott;S2;250;0.0;0.0;70.1;8.0;4;78.1;78.1;78.1;122.0
MTL-Ott;S2;300;0.0;0.0;69.0;8.0;4;77.0;77.0;77.0;122.0
MTL-Ott;S3;160;0.0;0.0;76.6;8.0;4;84.6;84.6;84.6;122.0
MTL-Ott;S3;177;0.0;0.0;71.2;8.0;4;79.2;79.2;79.2;122.0
MTL-Ott;S3;200;0.0;0.0;67.0;8.0;4;75.0;75.0;75.0;122.0
MTL-Ott;S3;250;0.0;0.0;63.2;8.0;4;71.2;71.2;71.2;122.0
MTL-Ott;S3;300;0.0;0.0;61.8;8.0;4;69.8;69.8;69.8;122.0
Ott-TO;S1;160;0.0;0.0;192.9;22.0;11;214.9;214.9;214.9;275.0
Ott-TO;S1;177;0.0;0.0;184.2;22.0;11;206.2;206.2;206.2;275.0
Ott-TO;S1;200;0.0;0.0;177.4;22.0;11;199.4;199.4;199.4;275.0
Ott-TO;S1;250;0.0;0.0;173.3;22.0;11;195.3;195.3;195.3;275.0
Ott-TO;S1;300;0.0;0.0;173.2;22.0;11;195.2;195.2;195.2;275.0
Ott-TO;S2;160;0.0;0.0;184.3;22.0;11;206.3;206.3;206.3;275.0
Ott-TO;S2;177;0.0;0.0;171.3;22.0;11;193.3;193.3;193.3;275.0
Ott-TO;S2;200;0.0;0.0;158.7;22.0;11;180.7;180.7;180.7;275.0
Ott-TO;S2;250;0.0;0.0;144.4;22.0;11;166.4;166.4;166.4;275.0
Ott-TO;S2;300;0.0;0.0;140.0;22.0;11;162.0;162.0;162.0;275.0
Ott-TO;S3;160;0.0;0.0;183.2;22.0;11;205.2;205.2;205.2;275.0
Ott-TO;S3;177;0.0;0.0;169.5;22.0;11;191.5;191.5;191.5;275.0
Ott-TO;S3;200;0.0;0.0;155.6;22.0;11;177.6;177.6;177.6;275.0
Ott-TO;S3;250;0.0;0.0;136.1;22.0;11;158.1;158.1;158.1;275.0
Ott-TO;S3;300;0.0;0.0;128.8;22.0;11;150.8;150.8;150.8;275.0
MTL-TO;S1;160;0.0;0.0;227.8;22.0;11;249.8;249.8;249.8;318.0
MTL-TO;S1;177;0.0;0.0;215.4;22.0;11;237.4;237.4;237.4;318.0
MTL-TO;S1;200;0.0;0.0;204.9;22.0;11;226.9;226.9;226.9;318.0
MTL-TO;S1;250;0.0;0.0;197.2;22.0;11;219.2;219.2;219.2;318.0
MTL-TO;S1;300;0.0;0.0;197.2;22.0;11;219.2;219.2;219.2;318.0
MTL-TO;S2;160;0.0;0.0;219.9;22.0;11;241.9;241.9;241.9;318.0
MTL-TO;S2;177;0.0;0.0;203.4;22.0;11;225.4;225.4;225.4;318.0
MTL-TO;S2;200;0.0;0.0;186.9;22.0;11;208.9;208.9;208.9;318.0
MTL-TO;S2;250;0.0;0.0;166.5;22.0;11;188.5;188.5;188.5;318.0
MTL-TO;S2;300;0.0;0.0;158.9;22.0;11;180.9;180.9;180.9;318.0
MTL-TO;S3;160;0.0;0.0;218.8;22.0;11;240.8;240.8;240.8;318.0
MTL-TO;S3;177;0.0;0.0;201.9;22.0;11;223.9;223.9;223.9;318.0
MTL-TO;S3;200;0.0;0.0;184.5;22.0;11;206.5;206.5;206.5;318.0
MTL-TO;S3;250;0.0;0.0;158.8;22.0;11;180.8;180.8;180.8;318.0
MTL-TO;S3;300;0.0;0.0;147.6;22.0;11;169.6;169.6;169.6;318.0
